{
    "prepare_queue": {
        "installed": [],
        "uninstalled": []
    },
    "config_munge": {
        "files": {}
    },
    "installed_plugins": {
        "cordova-plugin-whitelist": {
            "PACKAGE_NAME": "edu.asu.djlewi10.asubookme"
        },
        "cordova-plugin-console": {
            "PACKAGE_NAME": "edu.asu.djlewi10.asubookme"
        },
        "cordova-plugin-statusbar": {
            "PACKAGE_NAME": "edu.asu.djlewi10.asubookme"
        },
        "cordova-plugin-vibration": {
            "PACKAGE_NAME": "edu.asu.djlewi10.asubookme"
        },
        "cordova-plugin-splashscreen": {
            "PACKAGE_NAME": "edu.asu.djlewi10.asubookme"
        },
        "cordova-plugin-calendar": {
            "PACKAGE_NAME": "edu.asu.djlewi10.asubookme"
        },
        "cordova-plugin-dialogs": {
            "PACKAGE_NAME": "edu.asu.djlewi10.asubookme"
        }
    },
    "dependent_plugins": {},
    "modules": [
        {
            "file": "plugins/cordova-plugin-statusbar/www/statusbar.js",
            "id": "cordova-plugin-statusbar.statusbar",
            "pluginId": "cordova-plugin-statusbar",
            "clobbers": [
                "window.StatusBar"
            ]
        },
        {
            "file": "plugins/cordova-plugin-vibration/www/vibration.js",
            "id": "cordova-plugin-vibration.notification",
            "pluginId": "cordova-plugin-vibration",
            "merges": [
                "navigator.notification",
                "navigator"
            ]
        },
        {
            "file": "plugins/cordova-plugin-vibration/src/browser/Vibration.js",
            "id": "cordova-plugin-vibration.Vibration",
            "pluginId": "cordova-plugin-vibration",
            "merges": [
                "navigator.notification",
                "navigator"
            ]
        },
        {
            "file": "plugins/cordova-plugin-splashscreen/www/splashscreen.js",
            "id": "cordova-plugin-splashscreen.SplashScreen",
            "pluginId": "cordova-plugin-splashscreen",
            "clobbers": [
                "navigator.splashscreen"
            ]
        },
        {
            "file": "plugins/cordova-plugin-splashscreen/src/browser/SplashScreenProxy.js",
            "id": "cordova-plugin-splashscreen.SplashScreenProxy",
            "pluginId": "cordova-plugin-splashscreen",
            "runs": true
        },
        {
            "file": "plugins/cordova-plugin-calendar/www/Calendar.js",
            "id": "cordova-plugin-calendar.Calendar",
            "pluginId": "cordova-plugin-calendar",
            "clobbers": [
                "Calendar"
            ]
        },
        {
            "file": "plugins/cordova-plugin-dialogs/www/notification.js",
            "id": "cordova-plugin-dialogs.notification",
            "pluginId": "cordova-plugin-dialogs",
            "merges": [
                "navigator.notification"
            ]
        },
        {
            "file": "plugins/cordova-plugin-dialogs/www/browser/notification.js",
            "id": "cordova-plugin-dialogs.notification_browser",
            "pluginId": "cordova-plugin-dialogs",
            "merges": [
                "navigator.notification"
            ]
        }
    ],
    "plugin_metadata": {
        "cordova-plugin-whitelist": "1.2.2",
        "cordova-plugin-console": "1.0.4",
        "cordova-plugin-statusbar": "1.0.1",
        "cordova-plugin-vibration": "2.1.2",
        "cordova-plugin-splashscreen": "4.0.0",
        "cordova-plugin-calendar": "4.5.5",
        "cordova-plugin-dialogs": "1.3.0"
    }
}